Name,Summary
Introduction and Adventure,
Chapter 1,"Introduction - The Fluffy Dutchman, captained by Sir Fuzzy Drake, sails the Hynagogic Seas with his loyal crew: Anne Bunny, Jean LaFluff, Vasco Pajama, and Marco Pillow. They search for children struggling to sleep so they can entertain them with bedtime stories and steal their comfy pillows and soft plushies. The crew introduces themselves and explains their mission to the reader."
Chapter 2,"Call to Action - The Cuddle Pirates receive a message from Puff-tooga about a little girl named Juniper who is sad and unable to sleep because her favorite sock has been taken by the mythical monster under the bed, Sock-topuss."
Chapter 3,"First Challenge - The Cuddle Pirates arrive at Juniper's location and find her huddled under her blanket, afraid of Sock-topuss. Sir Fuzzy Drake uses techniques to calm her down and gain her trust."
Chapter 4,"Gathering Allies - Anne Bunny empowers Juniper by giving her a plushie sidekick to help her face her fears, while Jean LaFluff distracts resident dogs with poker games. Vasco Pajama and Marco Pillow set up a cozy environment for Juniper with their gadgets and contraptions."
Chapter 5,Quest or Mission - The Cuddle Pirates realize that Juniper won't be able to sleep without her favorite sock. They embark on a mission to confront Sock-topuss and retrieve Juniper's sock.
Crisis and Resolution,
Chapter 6,"Rising Tension - As the crew searches for Sock-topuss, they discover that the mythical monster is goofy and obsessed with covering its tentacles with colorful socks. The stakes rise as they attempt to recover Juniper's sock without angering Sock-topuss."
Chapter 7,"Crisis Point - The Cuddle Pirates confront Sock-topuss, but their initial attempt to retrieve Juniper's sock fails, leading to a tense standoff."
Chapter 8,Plot Twist - The Cuddle Pirates learn that Sock-topuss collects socks to feel less lonely and more colorful. They decide to help Sock-topuss find a new hobby and return Juniper's favorite sock.
Chapter 9,"Battle or Showdown - The Cuddle Pirates negotiate with Sock-topuss, presenting an alternative solution to its obsession with socks and persuading it to return Juniper's sock."
Chapter 10,"Climax - Sock-topuss accepts the Cuddle Pirates' offer, releasing Juniper's sock and embracing its new hobby. Juniper is reunited with her favorite sock."
Chapter 11,"Resolution - The Cuddle Pirates gather the pillows and plushies they came for, leaving behind a note of encouragement for Juniper. They set sail for Puff-tooga, their mission complete."
Chapter 12,"Epilogue - The Cuddle Pirates return to Puff-tooga, where they share their adventure with the other residents of the island. They celebrate their victory and prepare for their next adventure, ready to face new challenges and help more children find restful sleep."
